{
  "trial": 2,
  "val_CRPS_log": 0.13871812798283323,
  "learning_rate": 0.013728250383906291,
  "n_estimators": 763,
  "num_leaves": 40,
  "min_data_in_leaf": 150,
  "feature_fraction": 0.5102922471479012,
  "bagging_fraction": 0.9849549260809971,
  "bagging_freq": 4,
  "lambda_l2": 42.78743516759823
}