CRPS_log,CRPS_mm,Brier_flash,Brier_peak,Brier_acc,MAE_lead1,RMSE_lead1,n_valid_lead1,MAE_lead2,RMSE_lead2,n_valid_lead2,MAE_lead3,RMSE_lead3,n_valid_lead3,MAE_lead4,RMSE_lead4,n_valid_lead4,MAE_lead5,RMSE_lead5,n_valid_lead5,MAE_lead6,RMSE_lead6,n_valid_lead6,MAE_lead7,RMSE_lead7,n_valid_lead7,MAE_lead8,RMSE_lead8,n_valid_lead8
0.21371083620698944,1.126069231255397,0.05494580152502679,0.1773920620645585,0.06079429239275316,0.9338430166244507,4.629355430603027,307503,1.100321650505066,5.140419960021973,307500,1.1513938903808594,5.284617900848389,307497,1.1702393293380737,5.344677448272705,307494,1.1740361452102661,5.356433868408203,307491,1.1681021451950073,5.342564105987549,307488,1.1551722288131714,5.308084011077881,307485,1.1473643779754639,5.285280227661133,307482
