{
  "CRPS_log": 0.21371083620698944,
  "CRPS_mm": 1.126069231255397,
  "Brier_flash": 0.05494580152502679,
  "Brier_peak": 0.1773920620645585,
  "Brier_acc": 0.06079429239275316,
  "MAE_mm_by_lead": [
    0.9338430166244507,
    1.100321650505066,
    1.1513938903808594,
    1.1702393293380737,
    1.1740361452102661,
    1.1681021451950073,
    1.1551722288131714,
    1.1473643779754639
  ],
  "RMSE_mm_by_lead": [
    4.629355430603027,
    5.140419960021973,
    5.284617900848389,
    5.344677448272705,
    5.356433868408203,
    5.342564105987549,
    5.308084011077881,
    5.285280227661133
  ],
  "n_valid_by_lead": [
    307503,
    307500,
    307497,
    307494,
    307491,
    307488,
    307485,
    307482
  ],
  "Flash_metrics": {
    "n_valid": 307503,
    "pr_auc": 0.16381599726603976,
    "roc_auc": 0.6702573561546078,
    "by_thr": {
      "0.1": {
        "POD": 0.3692422545726017,
        "FAR": 0.6307577454273982,
        "CSI": 0.22642373191723128
      },
      "0.2": {
        "POD": 0.3692422545726017,
        "FAR": 0.6307577454273982,
        "CSI": 0.22642373191723128
      },
      "0.3": {
        "POD": 0.3692422545726017,
        "FAR": 0.6307577454273982,
        "CSI": 0.22642373191723128
      },
      "0.5": {
        "POD": 0.3692422545726017,
        "FAR": 0.6307577454273982,
        "CSI": 0.22642373191723128
      }
    }
  },
  "Peak24_metrics": {
    "n_valid": 307535,
    "pr_auc": 0.26422567197404834,
    "roc_auc": 0.5667718659267569,
    "by_thr": {
      "0.1": {
        "POD": 0.15143925676476064,
        "FAR": 0.33191489361702126,
        "CSI": 0.14084263208423173
      },
      "0.2": {
        "POD": 0.15143925676476064,
        "FAR": 0.33191489361702126,
        "CSI": 0.14084263208423173
      },
      "0.3": {
        "POD": 0.15143925676476064,
        "FAR": 0.33191489361702126,
        "CSI": 0.14084263208423173
      },
      "0.5": {
        "POD": 0.15143925676476064,
        "FAR": 0.33191489361702126,
        "CSI": 0.14084263208423173
      }
    }
  },
  "Acc24_metrics": {
    "n_valid": 307195,
    "pr_auc": 0.07766410267019876,
    "roc_auc": 0.5803420606353634,
    "by_thr": {
      "0.1": {
        "POD": 0.1883968523376022,
        "FAR": 0.7695356738391844,
        "CSI": 0.11564690282250427
      },
      "0.2": {
        "POD": 0.1883968523376022,
        "FAR": 0.7695356738391844,
        "CSI": 0.11564690282250427
      },
      "0.3": {
        "POD": 0.1883968523376022,
        "FAR": 0.7695356738391844,
        "CSI": 0.11564690282250427
      },
      "0.5": {
        "POD": 0.1883968523376022,
        "FAR": 0.7695356738391844,
        "CSI": 0.11564690282250427
      }
    }
  }
}