{
  "CRPS_log": 0.16917014978308645,
  "CRPS_mm": 0.7928749420680106,
  "Brier_flash": 0.049775581664612725,
  "Brier_peak": 0.17619508748046225,
  "Brier_acc": 0.046576365650657356,
  "MAE_mm_by_lead": [
    0.8014870285987854,
    0.8014327883720398,
    0.8014192581176758,
    0.8014194965362549,
    0.8014014363288879,
    0.8013995289802551,
    0.8013993501663208,
    0.8013994693756104
  ],
  "RMSE_mm_by_lead": [
    4.282853603363037,
    4.2828264236450195,
    4.2828240394592285,
    4.2828240394592285,
    4.282812595367432,
    4.28281307220459,
    4.282812595367432,
    4.28281307220459
  ],
  "n_valid_by_lead": [
    311856,
    311856,
    311856,
    311856,
    311856,
    311856,
    311856,
    311856
  ],
  "Flash_metrics": {
    "n_valid": 311856,
    "pr_auc": 0.053303128091676505,
    "roc_auc": 0.5023551021102627,
    "by_thr": {
      "0.1": {
        "POD": 0.0,
        "FAR": 0.0,
        "CSI": 0.0
      },
      "0.2": {
        "POD": 0.0,
        "FAR": 0.0,
        "CSI": 0.0
      },
      "0.3": {
        "POD": 0.0,
        "FAR": 0.0,
        "CSI": 0.0
      },
      "0.5": {
        "POD": 0.0,
        "FAR": 0.0,
        "CSI": 0.0
      }
    }
  },
  "Peak24_metrics": {
    "n_valid": 311903,
    "pr_auc": 0.24027771358645764,
    "roc_auc": 0.523667246849607,
    "by_thr": {
      "0.1": {
        "POD": 1.0,
        "FAR": 0.7712173335940982,
        "CSI": 0.22878266640590184
      },
      "0.2": {
        "POD": 0.8467025421116062,
        "FAR": 0.7647390943745935,
        "CSI": 0.22564947190725884
      },
      "0.3": {
        "POD": 0.0,
        "FAR": 0.0,
        "CSI": 0.0
      },
      "0.5": {
        "POD": 0.0,
        "FAR": 0.0,
        "CSI": 0.0
      }
    }
  },
  "Acc24_metrics": {
    "n_valid": 311527,
    "pr_auc": 0.04875463506101369,
    "roc_auc": 0.5004754860496315,
    "by_thr": {
      "0.1": {
        "POD": 0.0,
        "FAR": 0.0,
        "CSI": 0.0
      },
      "0.2": {
        "POD": 0.0,
        "FAR": 0.0,
        "CSI": 0.0
      },
      "0.3": {
        "POD": 0.0,
        "FAR": 0.0,
        "CSI": 0.0
      },
      "0.5": {
        "POD": 0.0,
        "FAR": 0.0,
        "CSI": 0.0
      }
    }
  }
}