{
  "CRPS_log": 0.14296056886410546,
  "CRPS_mm": 0.6711177551446276,
  "Brier_flash": 0.04164071084233001,
  "Brier_peak": 0.1552523972156147,
  "Brier_acc": 0.04039343046477168,
  "MAE_mm_by_lead": [
    0.6710502505302429,
    0.6710568070411682,
    0.6710633039474487,
    0.6710699200630188,
    0.6710763573646545,
    0.6710829138755798,
    0.6710895895957947,
    0.6710960268974304
  ],
  "RMSE_mm_by_lead": [
    4.019006252288818,
    4.0190253257751465,
    4.019044876098633,
    4.019064903259277,
    4.019084453582764,
    4.01910400390625,
    4.019123554229736,
    4.019143104553223
  ],
  "n_valid_by_lead": [
    307503,
    307500,
    307497,
    307494,
    307491,
    307488,
    307485,
    307482
  ],
  "Flash_metrics": {
    "n_valid": 307503,
    "pr_auc": 0.04352270749187844,
    "roc_auc": 0.49532008687958873,
    "by_thr": {
      "0.1": {
        "POD": 0.0,
        "FAR": 0.0,
        "CSI": 0.0
      },
      "0.2": {
        "POD": 0.0,
        "FAR": 0.0,
        "CSI": 0.0
      },
      "0.3": {
        "POD": 0.0,
        "FAR": 0.0,
        "CSI": 0.0
      },
      "0.5": {
        "POD": 0.0,
        "FAR": 0.0,
        "CSI": 0.0
      }
    }
  },
  "Peak24_metrics": {
    "n_valid": 307535,
    "pr_auc": 0.20487189295588973,
    "roc_auc": 0.5309510772203565,
    "by_thr": {
      "0.1": {
        "POD": 1.0,
        "FAR": 0.8078495130635538,
        "CSI": 0.19215048693644626
      },
      "0.2": {
        "POD": 0.8629110046875265,
        "FAR": 0.7989821381406479,
        "CSI": 0.19479695916262368
      },
      "0.3": {
        "POD": 0.0,
        "FAR": 0.0,
        "CSI": 0.0
      },
      "0.5": {
        "POD": 0.0,
        "FAR": 0.0,
        "CSI": 0.0
      }
    }
  },
  "Acc24_metrics": {
    "n_valid": 307195,
    "pr_auc": 0.04124520849419542,
    "roc_auc": 0.4970340174629491,
    "by_thr": {
      "0.1": {
        "POD": 0.0,
        "FAR": 0.0,
        "CSI": 0.0
      },
      "0.2": {
        "POD": 0.0,
        "FAR": 0.0,
        "CSI": 0.0
      },
      "0.3": {
        "POD": 0.0,
        "FAR": 0.0,
        "CSI": 0.0
      },
      "0.5": {
        "POD": 0.0,
        "FAR": 0.0,
        "CSI": 0.0
      }
    }
  }
}